GMO14KM1401004;0014K190004;WBB SLDR BELT GOTHICA BLACK;GUMMO,MALE,ACCESSORIES,1;ALL;BLACK;#000000;65000;1;30;WBB SLDR BELT GOTHICA BLACK;WBB SLDR BELT GOTHICA BLACK;0;GUMMO MALE ACCESSORIESWBB SLDR BELT GOTHICA BLACK;GUMMO MALE ACCESSORIESWBB SLDR BELT GOTHICA BLACK;GUMMO-MALE-ACCESSORIESWBB-SLDR-BELT-GOTHICA-BLACK
GMO14LU0704001;0014L040045;KAYWA BLACK;GUMMO,MALE,BAGS,2;ALL;BLACK;#000000;130000;1;30;KAYWA BLACK;KAYWA BLACK;0;GUMMO MALE BAGSKAYWA BLACK;GUMMO UNISEX BAGSKAYWA BLACK;GUMMO-UNISEX-BAGSKAYWA-BLACK
1306112301005;0013F270033;NEXTER LS WHITE-GREY STRIPES;GUMMO,MALE,SHIRTS,2;XL;MULTI COLOUR;#000000;180000;1;0;NEXTER LS WHITE-GREY STRIPES;NEXTER LS WHITE-GREY STRIPES;0;GUMMO MALE SHIRTSNEXTER LS WHITEGREY STRIPES;GUMMO MALE SHIRTSNEXTER LS WHITEGREY STRIPES;GUMMO-MALE-SHIRTSNEXTER-LS-WHITE-GREY-STRIPES;
1306112301005;0013F270034;NEXTER LS WHITE-GREY STRIPES;GUMMO,MALE,SHIRTS,2;XXL;MULTI COLOUR;#000000;180000;1;1;NEXTER LS WHITE-GREY STRIPES;NEXTER LS WHITE-GREY STRIPES;0;GUMMO MALE SHIRTSNEXTER LS WHITEGREY STRIPES;GUMMO MALE SHIRTSNEXTER LS WHITEGREY STRIPES;GUMMO-MALE-SHIRTSNEXTER-LS-WHITE-GREY-STRIPES;
1306112302001;0013F100112;EKALAN SS BLACK-RED-WHITE GINGHAM;GUMMO,MALE,SHIRTS,2;S;MULTI COLOUR;#000000;175000;1;1;EKALAN SS BLACK-RED-WHITE GINGHAM;EKALAN SS BLACK-RED-WHITE GINGHAM;0;GUMMO MALE SHIRTSEKALAN SS BLACKREDWHITE GINGHAM;GUMMO MALE SHIRTSEKALAN SS BLACKREDWHITE GINGHAM;GUMMO-MALE-SHIRTSEKALAN-SS-BLACK-RED-WHITE-GINGHAM;
1306112302001;0013F100113;EKALAN SS BLACK-RED-WHITE GINGHAM;GUMMO,MALE,SHIRTS,2;M;MULTI COLOUR;#000000;175000;1;1;EKALAN SS BLACK-RED-WHITE GINGHAM;EKALAN SS BLACK-RED-WHITE GINGHAM;0;GUMMO MALE SHIRTSEKALAN SS BLACKREDWHITE GINGHAM;GUMMO MALE SHIRTSEKALAN SS BLACKREDWHITE GINGHAM;GUMMO-MALE-SHIRTSEKALAN-SS-BLACK-RED-WHITE-GINGHAM;
1306112302001;0013F100114;EKALAN SS BLACK-RED-WHITE GINGHAM;GUMMO,MALE,SHIRTS,2;L;MULTI COLOUR;#000000;175000;1;3;EKALAN SS BLACK-RED-WHITE GINGHAM;EKALAN SS BLACK-RED-WHITE GINGHAM;0;GUMMO MALE SHIRTSEKALAN SS BLACKREDWHITE GINGHAM;GUMMO MALE SHIRTSEKALAN SS BLACKREDWHITE GINGHAM;GUMMO-MALE-SHIRTSEKALAN-SS-BLACK-RED-WHITE-GINGHAM;
1306112302001;0013F100115;EKALAN SS BLACK-RED-WHITE GINGHAM;GUMMO,MALE,SHIRTS,2;XL;MULTI COLOUR;#000000;175000;1;0;EKALAN SS BLACK-RED-WHITE GINGHAM;EKALAN SS BLACK-RED-WHITE GINGHAM;0;GUMMO MALE SHIRTSEKALAN SS BLACKREDWHITE GINGHAM;GUMMO MALE SHIRTSEKALAN SS BLACKREDWHITE GINGHAM;GUMMO-MALE-SHIRTSEKALAN-SS-BLACK-RED-WHITE-GINGHAM;
1306112302001;0013F100116;EKALAN SS BLACK-RED-WHITE GINGHAM;GUMMO,MALE,SHIRTS,2;XXL;MULTI COLOUR;#000000;175000;1;0;EKALAN SS BLACK-RED-WHITE GINGHAM;EKALAN SS BLACK-RED-WHITE GINGHAM;0;GUMMO MALE SHIRTSEKALAN SS BLACKREDWHITE GINGHAM;GUMMO MALE SHIRTSEKALAN SS BLACKREDWHITE GINGHAM;GUMMO-MALE-SHIRTSEKALAN-SS-BLACK-RED-WHITE-GINGHAM;
1306112302002;0013F130053;EKANSH SS GREY-BROWN GRID;GUMMO,MALE,SHIRTS,2;S;MULTI COLOUR;#000000;180000;1;2;EKANSH SS GREY-BROWN GRID;EKANSH SS GREY-BROWN GRID;0;GUMMO MALE SHIRTSEKANSH SS GREYBROWN GRID;GUMMO MALE SHIRTSEKANSH SS GREYBROWN GRID;GUMMO-MALE-SHIRTSEKANSH-SS-GREY-BROWN-GRID;
1306112302002;0013F130054;EKANSH SS GREY-BROWN GRID;GUMMO,MALE,SHIRTS,2;M;MULTI COLOUR;#000000;180000;1;0;EKANSH SS GREY-BROWN GRID;EKANSH SS GREY-BROWN GRID;0;GUMMO MALE SHIRTSEKANSH SS GREYBROWN GRID;GUMMO MALE SHIRTSEKANSH SS GREYBROWN GRID;GUMMO-MALE-SHIRTSEKANSH-SS-GREY-BROWN-GRID;
1306112302002;0013F130055;EKANSH SS GREY-BROWN GRID;GUMMO,MALE,SHIRTS,2;L;MULTI COLOUR;#000000;180000;1;1;EKANSH SS GREY-BROWN GRID;EKANSH SS GREY-BROWN GRID;0;GUMMO MALE SHIRTSEKANSH SS GREYBROWN GRID;GUMMO MALE SHIRTSEKANSH SS GREYBROWN GRID;GUMMO-MALE-SHIRTSEKANSH-SS-GREY-BROWN-GRID;
1306112302002;0013F130056;EKANSH SS GREY-BROWN GRID;GUMMO,MALE,SHIRTS,2;XL;MULTI COLOUR;#000000;180000;1;0;EKANSH SS GREY-BROWN GRID;EKANSH SS GREY-BROWN GRID;0;GUMMO MALE SHIRTSEKANSH SS GREYBROWN GRID;GUMMO MALE SHIRTSEKANSH SS GREYBROWN GRID;GUMMO-MALE-SHIRTSEKANSH-SS-GREY-BROWN-GRID;
1306112302002;0013F130057;EKANSH SS GREY-BROWN GRID;GUMMO,MALE,SHIRTS,2;XXL;MULTI COLOUR;#000000;180000;1;0;EKANSH SS GREY-BROWN GRID;EKANSH SS GREY-BROWN GRID;0;GUMMO MALE SHIRTSEKANSH SS GREYBROWN GRID;GUMMO MALE SHIRTSEKANSH SS GREYBROWN GRID;GUMMO-MALE-SHIRTSEKANSH-SS-GREY-BROWN-GRID;